x,y,xerr,yerr
1,0.99,0.1,1
2,4.6,0.1,1
3,9.74,0.1,2
4,15.72,0.1,4
5,25.1,0.1,5
6,34.53333333,0.1,6
7,48.63333333,0.1,6
8,60.8,0.1,7
